mean_intensity_red,mean_intensity_green,mean_intensity_blue,label
204.2,202.33,201.86,mouse
142.54,139.72,140.44,backpack
221.09,221.67,219.53,projector
222.68,222.2,228.85,bike
220.57,222.72,191.35,monitor
169.17,164.74,165.43,mug
196.95,193.73,192.41,keyboard
205.37,199.95,197.44,headphones
190.11,191.73,191.54,calculator
208.33,207.97,206.74,calculator
209.62,207.87,208.59,calculator
155.75,154.48,155.41,backpack
221.72,220.01,220.71,calculator
235.0,234.04,232.56,laptop
226.99,224.35,224.83,mouse
198.37,195.01,191.8,mouse
195.69,194.47,193.44,keyboard
183.05,183.78,191.66,keyboard
230.56,230.77,229.98,bike
228.14,228.06,227.48,projector
174.37,177.34,188.49,mug
225.96,225.97,226.22,bike
145.76,220.98,235.97,mug
234.69,232.02,230.96,mug
145.32,156.15,148.88,backpack
224.8,224.33,228.0,mug
205.41,204.3,201.71,projector
129.64,159.24,205.26,monitor
226.29,226.3,226.71,projector
221.7,223.32,224.54,mug
204.6,201.56,199.58,mouse
217.82,217.63,217.68,projector
216.89,217.18,218.36,mouse
212.2,212.73,212.79,projector
210.63,209.84,202.06,calculator
230.2,229.82,229.87,bike
188.9,186.78,186.48,backpack
227.65,229.06,230.14,bike
221.87,222.93,221.83,projector
209.45,210.07,209.8,headphones
197.92,197.45,197.23,backpack
234.46,234.07,233.66,bike
246.84,247.1,247.53,mouse
191.52,190.64,191.32,mouse
205.61,207.44,204.27,calculator
205.0,204.8,204.8,keyboard
171.69,171.74,172.08,projector
236.8,236.78,231.87,laptop
159.73,157.46,157.26,backpack
188.29,188.0,238.05,laptop
177.53,178.37,176.84,monitor
189.95,188.27,194.53,mouse
178.46,177.53,177.56,calculator
202.61,207.87,209.4,monitor
212.04,211.2,210.88,calculator
225.52,223.15,234.02,laptop
216.11,215.33,215.39,projector
224.84,221.93,216.24,calculator
177.87,168.15,175.3,mouse
189.65,185.48,183.26,mouse
137.49,153.55,160.25,laptop
184.72,175.55,162.47,laptop
140.25,146.65,183.18,mug
180.69,178.74,171.34,laptop
205.22,203.3,203.23,keyboard
146.92,167.35,180.71,mug
219.34,207.66,217.04,mug
217.58,223.45,226.92,mug
157.38,157.71,144.33,laptop
225.08,225.51,224.96,calculator
221.37,222.15,221.56,bike
206.43,210.89,214.09,headphones
212.87,208.67,225.75,mouse
135.19,134.82,134.83,monitor
204.24,204.16,200.95,projector
237.0,234.13,232.95,calculator
201.86,199.86,203.64,laptop
233.3,232.12,231.75,projector
218.19,218.2,218.19,headphones
187.7,188.84,190.25,headphones
173.46,173.2,172.34,backpack
214.9,213.98,216.65,laptop
231.43,230.41,231.52,bike
213.92,213.74,212.39,calculator
220.81,221.06,224.87,mug
246.03,245.03,244.75,keyboard
187.23,190.49,185.92,calculator
236.68,236.42,239.15,bike
200.38,199.86,199.79,headphones
232.48,237.02,237.18,mug
175.09,175.09,175.09,backpack
162.53,160.76,160.43,backpack
199.47,200.2,199.58,mouse
216.8,215.34,214.17,headphones
175.07,174.74,174.59,projector
193.18,193.18,193.18,keyboard
169.65,175.22,179.84,backpack
137.92,141.49,146.51,monitor
213.13,213.15,213.36,headphones
224.99,223.26,222.47,headphones
227.94,228.6,230.71,mouse
227.13,227.82,230.13,bike
225.76,222.9,226.0,mug
181.03,179.54,178.81,mouse
119.27,111.75,129.84,backpack
226.98,224.45,225.87,projector
239.36,239.94,238.55,projector
211.74,211.65,211.65,headphones
208.76,201.38,193.43,laptop
197.05,196.29,195.73,keyboard
201.32,201.32,201.32,keyboard
227.87,227.35,228.04,headphones
177.92,176.73,175.67,keyboard
205.88,196.42,190.4,monitor
134.84,133.85,129.03,calculator
245.23,245.12,243.81,projector
166.53,160.78,167.62,monitor
251.55,251.51,251.52,headphones
148.44,178.44,191.43,laptop
146.15,180.12,207.0,mug
228.83,228.95,215.54,calculator
208.77,208.7,208.91,projector
211.21,211.18,204.82,calculator
234.52,238.04,239.82,mug
181.97,181.4,182.21,backpack
232.25,229.93,224.99,calculator
246.04,245.9,245.76,projector
197.38,195.9,195.55,keyboard
248.97,248.67,248.45,projector
216.88,222.36,225.2,mug
233.42,232.63,231.56,mouse
226.1,226.17,226.75,headphones
158.7,154.03,202.3,backpack
159.42,157.49,157.84,backpack
167.68,164.11,162.84,backpack
154.45,157.52,159.58,backpack
215.42,220.09,219.31,headphones
236.31,239.48,240.64,bike
204.12,202.35,202.02,laptop
138.49,137.58,139.05,backpack
213.09,213.78,211.98,backpack
199.16,199.27,199.17,calculator
196.9,198.19,199.88,mouse
222.52,221.25,220.02,monitor
172.67,172.21,172.17,keyboard
235.98,237.4,237.7,bike
154.33,151.53,151.65,monitor
202.78,202.76,202.89,mouse
171.85,215.85,229.92,mug
208.33,207.21,204.47,projector
205.82,205.66,202.86,calculator
236.97,237.91,238.13,bike
172.22,171.04,172.96,backpack
220.7,217.0,211.7,laptop
240.78,238.12,237.97,bike
172.98,172.97,173.59,calculator
209.12,207.3,201.87,calculator
239.08,238.35,238.45,laptop
183.68,176.07,174.34,calculator
206.05,205.23,205.49,keyboard
237.01,235.91,235.61,projector
188.76,191.03,191.84,projector
207.03,207.08,206.73,keyboard
233.09,229.95,229.43,keyboard
210.11,210.03,211.16,monitor
147.15,148.66,180.5,mug
175.29,164.6,141.99,monitor
179.02,178.8,177.76,monitor
198.59,202.98,198.35,monitor
235.47,234.76,233.54,bike
215.97,215.92,215.93,headphones
126.29,125.03,126.48,mug
192.69,197.64,198.75,monitor
195.27,195.85,191.65,keyboard
149.21,149.45,149.97,backpack
183.48,183.86,182.57,keyboard
215.3,218.31,218.72,backpack
240.13,240.0,240.11,calculator
158.06,157.77,159.27,keyboard
231.04,229.94,227.46,bike
205.99,198.81,181.39,monitor
182.43,182.49,182.9,projector
198.59,202.98,198.35,monitor
195.63,193.15,192.9,keyboard
195.39,193.39,199.48,mouse
228.55,228.83,229.24,bike
199.14,203.44,207.71,monitor
131.07,133.26,135.82,bike
192.15,192.05,192.37,keyboard
147.93,147.4,148.54,backpack
228.37,228.89,229.16,headphones
218.32,217.2,217.16,mouse
196.72,195.88,194.57,keyboard
228.05,226.12,225.4,bike
189.06,185.97,183.22,calculator
211.72,216.12,215.59,calculator
208.67,201.81,191.77,laptop
165.21,165.62,165.81,backpack
238.84,238.59,238.41,headphones
220.61,220.6,220.62,projector
225.13,225.23,230.27,mug
220.76,218.25,218.68,mouse
189.36,190.62,192.0,backpack
245.62,245.71,245.53,mug
178.3,176.03,174.26,keyboard
191.33,190.7,190.49,laptop
229.41,229.44,229.41,projector
156.63,152.88,147.45,calculator
203.53,204.0,206.35,keyboard
235.63,235.47,238.58,bike
222.6,196.72,140.87,monitor
238.49,239.77,238.42,projector
182.81,183.49,184.47,monitor
156.22,152.99,176.17,backpack
125.4,126.42,163.04,backpack
203.36,207.22,211.05,monitor
160.29,163.69,164.42,backpack
157.47,158.95,147.39,monitor
175.22,173.56,173.68,laptop
221.86,211.75,201.28,laptop
222.13,226.92,230.94,mug
172.88,182.87,169.49,monitor
206.02,204.25,204.05,mouse
192.84,192.66,192.68,headphones
220.18,218.74,228.57,mug
229.98,230.76,230.67,bike
145.41,146.5,147.12,backpack
194.97,184.9,177.82,monitor
204.17,186.52,178.16,mug
221.08,220.48,220.33,mouse
197.84,197.78,197.78,laptop
170.96,177.29,186.76,mouse
205.29,202.91,201.08,mouse
172.71,166.37,173.29,monitor
233.18,231.38,229.34,mug
213.62,211.19,208.43,laptop
217.22,216.48,216.56,keyboard
194.75,191.74,190.39,keyboard
177.16,175.66,175.28,headphones
203.32,201.82,201.13,keyboard
205.0,205.07,205.06,headphones
182.93,164.9,105.95,monitor
209.42,209.57,208.83,bike
180.24,179.41,178.2,backpack
181.4,176.18,173.33,laptop
204.63,192.21,179.69,laptop
245.06,244.55,245.19,keyboard
197.06,195.63,194.62,keyboard
226.89,226.89,226.89,mug
205.5,205.33,204.7,keyboard
222.89,222.89,222.88,headphones
197.53,196.17,196.92,mouse
200.11,198.57,194.32,mouse
191.23,189.69,185.42,mouse
243.23,243.19,243.19,keyboard
229.21,229.26,229.47,mug
214.87,214.87,214.87,keyboard
231.87,235.07,236.7,mug
201.86,200.21,199.71,mouse
194.41,191.41,189.18,laptop
192.8,190.04,190.65,headphones
198.98,197.1,195.57,projector
193.31,194.21,193.97,calculator
239.96,239.82,239.78,headphones
138.68,135.26,134.69,mouse
201.4,203.28,203.68,projector
163.25,163.39,167.63,backpack
177.65,175.84,172.91,headphones
190.94,209.83,230.69,monitor
243.61,243.61,244.03,projector
221.06,219.82,218.99,mouse
139.05,139.15,140.67,backpack
204.18,204.1,200.88,projector
166.87,166.65,166.7,backpack
158.13,158.13,158.13,backpack
138.81,138.53,138.49,monitor
248.82,248.58,248.51,keyboard
171.9,168.88,169.09,laptop
199.6,200.26,199.51,mug
240.09,240.09,240.09,mug
211.98,213.67,211.76,calculator
129.87,134.6,143.88,monitor
228.42,225.01,224.01,headphones
193.77,195.32,200.14,mug
175.63,183.08,191.35,monitor
251.01,251.11,251.04,keyboard
150.05,172.55,181.79,laptop
228.17,228.33,228.22,projector
236.58,237.9,237.76,keyboard
206.57,183.43,178.23,calculator
189.15,188.37,187.93,headphones
243.7,243.14,243.91,mouse
172.16,172.09,172.59,backpack
203.81,200.03,202.32,projector
207.91,207.44,208.3,keyboard
151.35,151.54,152.06,backpack
183.93,190.39,199.09,backpack
207.27,193.67,182.2,monitor
221.25,216.67,215.42,laptop
167.49,123.39,110.94,keyboard
222.02,220.96,219.89,keyboard
182.44,174.3,150.53,monitor
187.14,188.34,187.75,mouse
212.51,211.31,239.36,backpack
185.76,184.46,185.4,mouse
212.83,213.64,214.26,keyboard
195.62,197.77,198.05,headphones
216.59,217.45,217.33,calculator
200.51,200.06,199.53,mouse
201.86,201.88,201.84,headphones
226.44,226.13,226.19,keyboard
167.41,157.43,157.25,calculator
212.51,212.37,211.19,projector
200.89,201.86,202.13,mouse
233.07,234.74,235.47,mug
218.56,216.82,217.27,calculator
215.51,215.08,225.31,mug
172.97,173.92,172.3,backpack
224.86,224.18,222.16,projector
219.5,219.5,220.22,projector
197.44,196.87,195.83,projector
182.0,180.41,181.15,mouse
186.66,186.3,186.13,monitor
160.48,158.06,159.14,laptop
229.98,230.01,230.42,mug
231.5,230.8,229.65,bike
162.25,160.24,159.93,mouse
221.68,221.58,220.6,projector
180.22,181.76,178.17,calculator
241.48,241.48,241.47,keyboard
147.09,144.77,145.56,monitor
180.83,181.81,182.1,projector
202.86,202.19,202.99,mouse
228.69,228.7,228.31,mug
229.84,230.24,230.45,bike
121.2,120.63,171.94,backpack
158.66,154.87,166.61,monitor
198.9,199.47,204.34,monitor
208.99,207.26,203.78,headphones
193.59,193.34,192.82,projector
232.39,235.24,237.99,mug
197.38,199.88,204.35,mug
207.19,204.52,204.6,projector
212.22,213.27,214.57,mouse
184.03,179.29,168.3,mouse
223.37,222.75,222.78,headphones
219.95,207.97,195.65,laptop
167.07,174.47,179.01,backpack
248.22,242.49,234.75,backpack
246.9,247.01,246.91,mouse
143.13,142.83,142.11,backpack
195.56,193.05,194.91,monitor
198.4,198.78,199.15,calculator
234.25,235.15,235.46,bike
214.56,214.21,214.19,keyboard
187.98,185.91,186.9,headphones
150.13,149.34,150.04,projector
206.99,201.9,204.05,backpack
186.31,176.14,165.67,laptop
133.09,145.63,153.33,monitor
128.11,126.41,126.18,projector
233.26,232.11,231.4,bike
183.55,179.28,178.18,calculator
231.94,223.79,223.54,calculator
190.61,205.3,218.26,mug
233.49,232.79,231.6,bike
174.33,171.73,172.37,laptop
173.62,179.56,190.36,laptop
239.08,240.07,238.04,mug
172.15,171.6,171.09,keyboard
219.75,221.11,226.41,headphones
161.53,161.52,161.51,monitor
180.26,173.69,153.87,monitor
174.77,174.73,183.26,laptop
165.1,163.07,166.35,laptop
174.68,174.63,184.92,backpack
199.63,197.81,197.33,headphones
179.49,169.71,201.05,backpack
203.41,200.98,201.27,keyboard
236.29,237.83,237.85,projector
149.17,148.58,140.09,monitor
155.81,163.17,162.09,laptop
226.52,226.22,226.4,headphones
245.9,245.16,244.14,keyboard
202.03,201.63,201.31,projector
174.91,174.7,174.63,headphones
213.18,212.65,211.34,bike
156.94,162.41,187.96,laptop
170.39,168.11,168.65,keyboard
208.5,211.61,215.87,mug
174.62,172.87,170.71,mouse
181.23,179.78,180.37,mouse
160.54,148.05,143.77,monitor
197.02,183.96,174.32,mug
202.66,201.2,199.39,projector
225.27,224.58,224.6,projector
188.75,188.81,188.91,keyboard
166.91,164.45,164.95,keyboard
184.11,192.31,194.09,backpack
191.65,191.03,190.6,keyboard
197.86,202.92,206.78,mug
213.8,211.94,210.23,mouse
175.56,177.96,180.45,backpack
185.96,185.9,186.0,projector
178.83,170.66,162.91,laptop
155.13,156.59,151.29,mug
199.71,200.73,210.47,monitor
214.26,213.96,213.94,headphones
144.87,167.64,169.25,laptop
229.9,230.05,229.95,bike
211.27,210.67,210.74,headphones
219.92,221.57,222.08,mug
156.28,156.23,158.23,mouse
211.98,211.78,210.48,calculator
231.02,224.13,201.87,monitor
207.01,204.89,205.49,calculator
208.76,209.13,208.63,keyboard
175.22,173.56,173.68,laptop
181.01,180.15,179.97,headphones
242.99,242.46,242.36,mouse
142.7,138.64,143.31,backpack
202.94,208.04,236.99,mug
186.28,186.06,186.02,mouse
223.57,218.11,222.36,monitor
217.55,216.94,216.83,headphones
134.59,135.2,135.35,backpack
245.7,245.37,245.17,keyboard
216.49,214.53,210.2,monitor
199.64,201.75,203.99,mug
163.57,143.57,125.03,laptop
224.88,226.52,227.62,bike
158.4,158.3,158.01,backpack
208.26,207.95,206.71,calculator
237.8,239.34,235.41,laptop
216.45,212.82,216.06,laptop
215.29,216.64,217.26,headphones
214.8,215.26,215.43,calculator
172.03,165.77,164.31,backpack
221.49,221.49,221.49,keyboard
206.24,192.84,162.22,monitor
191.89,191.71,191.58,headphones
147.19,161.34,157.21,monitor
178.55,177.76,177.61,backpack
209.42,208.15,207.79,projector
171.23,153.12,150.06,laptop
227.12,226.93,227.36,backpack
226.53,228.39,228.01,laptop
195.44,196.84,197.07,headphones
138.68,135.26,134.69,mouse
215.27,177.64,97.84,monitor
221.92,223.82,225.17,bike
175.65,168.83,165.34,laptop
175.6,172.6,171.45,projector
194.12,194.28,198.32,calculator
145.66,143.44,146.56,backpack
178.34,177.84,177.65,projector
223.4,228.79,235.6,mug
209.68,209.64,209.3,keyboard
202.74,203.8,213.43,monitor
212.62,209.71,208.97,mouse
224.03,222.63,223.27,mouse
230.48,230.81,230.71,headphones
227.87,228.17,228.06,calculator
179.3,176.41,174.43,laptop
209.0,211.54,209.68,calculator
231.77,231.73,231.67,bike
194.41,191.41,189.18,laptop
162.34,168.84,176.12,laptop
203.07,201.99,210.28,headphones
175.22,173.56,173.68,laptop
232.23,230.03,230.98,bike
143.79,143.33,146.04,mouse
181.69,182.01,173.67,monitor
124.8,123.48,123.58,backpack
226.43,225.8,225.51,bike
153.81,174.47,192.86,mug
175.79,175.73,173.18,headphones
158.69,166.07,167.84,bike
155.67,167.43,175.42,mug
231.87,231.82,231.78,bike
225.12,225.21,225.21,bike
211.81,211.55,214.08,headphones
122.17,118.96,135.41,monitor
217.68,216.91,217.69,mouse
137.39,136.91,136.9,backpack
194.62,194.62,194.62,mug
183.22,182.5,184.0,laptop
211.48,211.48,211.48,keyboard
166.54,137.68,145.06,mug
201.84,212.96,217.58,laptop
211.47,210.86,210.67,mouse
130.89,136.67,169.35,backpack
234.57,234.79,232.97,calculator
230.79,219.64,208.56,laptop
217.73,220.55,225.38,headphones
207.89,207.33,207.48,calculator
207.47,206.53,206.0,headphones
214.17,214.35,214.01,bike
216.69,209.32,205.78,mouse
225.39,224.77,222.61,calculator
162.1,157.3,176.82,backpack
209.65,209.21,207.79,projector
236.05,235.8,235.77,projector
181.53,177.09,174.5,calculator
227.53,225.24,224.76,calculator
203.54,202.74,204.3,laptop
229.15,228.79,229.48,bike
135.7,209.56,236.02,mug
228.92,228.41,228.4,projector
241.28,241.14,241.75,bike
218.04,224.77,229.52,mug
227.12,226.75,226.97,projector
183.66,176.88,166.3,monitor
188.32,188.69,188.41,calculator
225.86,225.9,226.95,headphones
154.51,153.33,153.55,monitor
203.23,202.21,202.87,mouse
195.66,195.3,195.94,mouse
140.67,195.24,212.24,monitor
185.84,164.79,159.46,laptop
170.07,171.91,170.03,headphones
232.02,230.38,229.94,projector
193.68,193.31,193.85,mouse
197.64,193.27,190.32,headphones
227.31,225.51,225.71,bike
214.97,214.31,215.22,mouse
213.51,209.11,217.92,calculator
226.92,226.89,226.69,bike
194.55,195.31,194.69,calculator
197.5,196.39,184.25,monitor
190.17,187.56,184.48,calculator
207.38,226.34,230.49,mug
229.02,229.21,228.55,keyboard
240.41,240.8,240.7,projector
227.49,227.48,227.49,headphones
199.98,199.69,199.86,headphones
229.64,229.07,229.38,bike
236.89,236.26,238.67,bike
190.0,179.89,183.36,calculator
189.31,186.31,185.87,calculator
217.22,216.75,217.82,keyboard
240.2,239.32,238.99,projector
226.4,226.4,226.4,keyboard
188.15,189.56,188.01,calculator
208.08,207.86,207.0,keyboard
191.28,190.74,191.19,laptop
224.91,229.78,233.36,mug
233.46,233.12,233.09,bike
228.89,229.51,229.39,headphones
233.95,234.58,234.0,bike
180.63,180.61,180.62,keyboard
236.8,236.78,231.87,laptop
222.48,221.52,219.7,calculator
215.14,215.79,215.21,monitor
162.57,161.83,162.08,backpack
182.35,180.99,176.24,calculator
165.79,165.7,175.9,backpack
104.28,104.72,105.05,monitor
227.79,226.3,227.19,headphones
230.8,231.99,231.99,bike
186.01,185.03,188.87,mouse
195.16,194.26,193.74,keyboard
214.94,214.44,211.78,headphones
177.27,177.04,178.13,mouse
226.36,227.18,227.43,headphones
175.18,173.63,171.56,backpack
161.87,161.94,162.13,projector
183.22,182.5,184.0,laptop
207.71,207.52,207.8,headphones
231.78,231.16,230.96,projector
216.28,214.34,212.71,projector
201.74,198.23,188.13,monitor
178.54,175.17,172.55,mouse
151.81,146.45,122.83,monitor
173.47,158.62,137.41,mouse
48.59,67.21,68.43,monitor
144.93,146.8,145.67,calculator
117.13,104.29,100.76,laptop
81.33,85.57,84.93,projector
207.26,208.19,203.34,mug
231.96,230.62,229.71,projector
171.85,188.24,184.01,backpack
138.77,140.39,138.47,calculator
96.31,97.6,98.58,bike
154.99,154.99,154.99,headphones
148.08,147.58,147.93,headphones
205.05,171.19,131.02,monitor
117.49,137.61,154.35,mug
191.43,188.91,200.3,backpack
139.31,137.15,135.56,bike
75.18,92.49,128.85,keyboard
198.94,197.11,196.97,projector
95.84,108.43,125.67,bike
118.75,118.77,117.9,headphones
174.29,173.61,171.03,headphones
145.55,143.66,141.13,headphones
218.45,218.27,218.19,headphones
81.38,80.89,84.33,backpack
119.94,114.15,114.95,backpack
127.9,130.95,128.63,laptop
113.29,98.18,92.9,laptop
99.44,97.87,108.91,backpack
122.39,139.48,152.24,mug
200.92,201.95,205.77,mug
130.15,114.02,95.45,monitor
122.26,121.77,120.72,keyboard
205.34,201.49,193.32,mouse
166.42,166.17,166.66,bike
74.27,81.54,113.2,mug
123.66,139.54,169.62,headphones
101.16,101.34,102.11,keyboard
130.04,113.11,122.9,keyboard
195.77,193.62,187.92,monitor
58.41,56.4,74.49,backpack
235.81,236.51,239.23,calculator
215.7,208.31,192.8,keyboard
181.89,181.84,180.12,mug
152.94,150.79,148.14,mouse
94.3,95.63,95.9,monitor
175.95,174.45,170.1,monitor
104.37,107.48,112.1,keyboard
120.44,122.54,117.01,monitor
121.54,120.86,120.23,headphones
86.4,95.15,112.79,headphones
86.04,77.81,96.52,bike
144.26,135.83,131.29,laptop
73.91,44.36,87.86,backpack
73.05,82.14,83.21,bike
142.7,143.0,143.28,bike
221.22,215.82,215.6,headphones
194.99,197.9,207.09,mug
162.27,149.13,149.15,projector
77.56,99.95,137.85,backpack
229.34,227.53,226.71,headphones
133.06,119.91,113.25,monitor
81.63,84.18,81.92,bike
132.5,128.26,125.51,monitor
94.46,94.19,93.58,laptop
73.01,94.35,105.65,bike
167.81,163.31,163.18,keyboard
168.05,169.84,166.53,headphones
240.67,232.91,232.95,calculator
218.65,219.11,219.15,headphones
158.3,143.02,140.67,mug
61.63,30.86,7.56,mouse
132.96,126.63,117.78,backpack
165.7,168.95,170.18,monitor
86.02,82.9,71.11,laptop
69.15,65.64,87.45,backpack
152.62,152.78,156.05,backpack
220.55,220.57,220.81,headphones
175.95,176.03,192.45,monitor
90.29,90.39,90.18,bike
64.57,52.75,39.79,laptop
61.62,68.51,72.28,projector
193.71,93.66,94.76,mug
62.9,68.97,77.05,laptop
157.85,124.04,124.43,calculator
211.97,208.64,224.98,mouse
143.46,143.26,145.98,laptop
75.1,76.86,73.6,monitor
152.49,151.37,150.85,projector
47.07,63.01,67.13,backpack
109.7,108.0,108.29,mouse
120.63,118.38,127.2,mug
228.6,226.56,230.05,calculator
58.23,65.92,72.01,laptop
88.2,82.2,74.68,backpack
73.35,90.84,93.37,monitor
133.59,133.4,133.26,bike
103.26,105.74,109.37,bike
43.18,42.65,42.74,monitor
68.63,86.63,86.55,projector
168.82,169.45,169.65,projector
199.65,197.1,199.78,headphones
19.68,85.15,154.91,mouse
84.19,94.78,98.01,bike
140.55,148.28,150.3,laptop
123.21,123.06,123.39,monitor
173.71,177.07,175.77,mouse
165.21,163.74,160.73,mug
102.7,102.99,109.09,keyboard
121.02,120.63,120.41,backpack
125.38,101.79,103.31,backpack
98.22,99.96,78.77,bike
54.47,89.32,123.28,laptop
90.59,96.55,102.55,backpack
193.04,182.66,184.91,mug
218.61,194.3,192.61,monitor
86.1,86.02,102.71,mouse
174.42,174.52,178.86,laptop
93.73,93.35,92.25,backpack
97.14,99.92,100.03,backpack
134.39,132.69,133.76,calculator
210.47,211.56,207.07,bike
155.75,149.04,151.21,headphones
124.4,124.64,124.6,projector
46.42,67.8,64.07,bike
213.87,209.37,204.36,mouse
245.32,245.02,245.83,keyboard
141.27,140.93,140.74,headphones
120.56,121.34,125.42,headphones
147.87,156.66,152.18,keyboard
76.02,80.32,81.92,bike
121.24,113.96,109.77,keyboard
144.53,132.32,87.11,monitor
98.52,107.7,116.48,laptop
117.06,136.79,153.35,backpack
100.85,64.94,80.21,mouse
89.44,89.98,89.99,keyboard
170.93,168.53,156.66,calculator
57.34,60.19,68.16,laptop
241.43,238.19,240.48,headphones
82.36,77.68,76.36,keyboard
146.26,147.19,163.31,monitor
104.45,118.23,121.46,mug
184.47,185.76,185.39,monitor
139.63,140.3,132.63,headphones
196.35,185.32,186.05,mug
166.36,167.98,166.89,mouse
212.72,214.46,208.82,bike
214.3,214.4,214.16,projector
125.03,106.56,93.03,bike
169.17,165.75,161.48,headphones
151.64,143.41,143.28,monitor
70.67,82.45,91.8,calculator
142.07,146.77,149.23,headphones
117.27,131.83,157.65,keyboard
117.52,125.83,131.8,mug
166.37,199.06,199.44,laptop
64.31,57.48,62.64,bike
111.08,134.28,137.97,mug
84.66,86.37,88.67,monitor
87.64,95.0,94.6,bike
68.25,70.89,69.86,bike
164.21,165.27,167.86,backpack
165.99,111.69,106.69,mug
122.13,111.93,105.44,monitor
159.47,159.8,161.83,mug
98.91,96.13,100.8,projector
144.65,143.34,147.76,headphones
88.12,99.49,88.83,calculator
46.7,35.18,21.43,monitor
168.77,174.57,188.68,monitor
172.83,167.69,167.7,laptop
112.94,70.95,113.17,headphones
134.39,133.2,142.65,keyboard
51.45,59.99,69.45,headphones
125.39,115.7,116.95,headphones
140.27,129.92,124.03,backpack
83.39,88.01,92.23,calculator
135.82,131.54,115.71,calculator
58.45,60.62,54.99,backpack
226.34,226.06,227.35,calculator
194.03,193.03,186.95,mouse
184.55,177.21,175.96,monitor
142.01,146.36,143.41,mug
117.56,117.67,122.82,headphones
116.68,146.79,168.49,keyboard
147.75,134.91,130.91,laptop
162.62,163.13,163.41,headphones
28.28,162.61,162.25,headphones
130.97,129.6,128.65,projector
149.77,143.9,135.43,keyboard
85.19,88.36,101.94,mug
157.8,158.27,159.91,laptop
110.24,111.49,110.8,mug
143.97,144.44,141.99,projector
112.59,113.18,114.98,bike
89.98,94.35,95.24,monitor
164.89,164.24,164.66,projector
60.78,81.83,87.78,bike
105.52,107.28,112.79,backpack
70.45,68.0,62.52,bike
188.35,187.2,189.54,headphones
131.02,127.28,124.48,monitor
114.66,129.83,121.19,calculator
164.19,165.4,165.41,headphones
175.78,175.89,176.01,headphones
103.66,98.26,113.47,backpack
239.36,231.71,222.63,mug
140.27,138.17,143.2,mug
155.36,132.54,141.29,calculator
140.9,145.58,146.09,keyboard
104.88,112.9,120.61,keyboard
78.1,77.93,77.47,backpack
109.34,111.0,106.47,projector
119.03,127.23,132.9,laptop
165.32,165.09,165.04,keyboard
137.8,136.14,136.45,headphones
106.12,84.21,74.35,mouse
85.55,76.99,79.61,headphones
106.56,105.37,102.83,laptop
74.04,95.82,105.3,bike
127.82,123.08,120.39,keyboard
93.25,90.71,89.79,backpack
182.48,193.66,190.79,mug
99.18,96.34,88.19,monitor
176.95,180.6,193.8,mouse
112.54,83.33,73.71,headphones
135.6,135.91,133.97,calculator
227.06,227.32,227.51,mug
46.78,45.08,46.19,calculator
152.23,151.25,151.39,headphones
57.14,80.05,99.55,keyboard
101.31,106.57,107.4,keyboard
62.97,63.44,66.68,laptop
83.36,92.54,133.59,backpack
111.71,111.0,110.34,headphones
46.42,77.84,61.17,bike
65.82,69.24,66.55,keyboard
93.26,92.09,118.05,backpack
120.38,119.74,118.29,headphones
161.03,159.86,159.83,bike
128.67,114.23,103.19,monitor
170.96,156.16,150.14,monitor
68.51,64.08,70.39,mouse
161.97,162.82,167.43,monitor
109.41,109.5,109.69,headphones
134.14,134.65,134.96,bike
97.96,106.84,95.7,laptop
135.79,126.73,127.54,keyboard
130.28,133.68,158.23,headphones
117.72,115.41,119.65,mug
190.07,193.6,202.19,projector
94.15,84.14,79.3,laptop
149.86,154.0,152.27,mouse
186.76,185.92,185.97,headphones
35.98,45.07,50.06,keyboard
193.02,193.02,212.5,mug
145.57,150.76,169.84,backpack
113.09,117.75,120.08,headphones
227.33,226.49,226.47,projector
144.21,142.56,141.04,headphones
33.33,39.86,50.83,backpack
124.97,126.1,127.41,bike
109.17,111.67,105.7,laptop
132.1,135.39,134.83,calculator
191.68,198.29,210.86,mug
148.01,146.89,147.31,laptop
182.49,179.88,177.77,keyboard
68.31,78.53,90.37,bike
142.89,144.04,148.63,monitor
90.4,70.69,70.24,mug
210.31,192.32,176.42,laptop
199.63,200.37,202.33,backpack
52.9,57.97,57.82,mug
172.3,170.68,170.71,laptop
101.43,97.93,86.11,backpack
228.42,224.5,232.91,backpack
143.47,143.55,144.94,keyboard
105.42,113.97,114.14,monitor
97.62,118.33,133.59,headphones
168.4,156.43,159.71,headphones
112.58,109.63,110.9,projector
46.18,56.32,61.2,calculator
76.87,67.53,68.28,backpack
191.77,186.19,186.76,monitor
99.73,101.1,92.21,calculator
108.13,103.59,101.17,projector
192.3,199.13,207.0,monitor
230.65,230.91,231.3,bike
134.19,137.29,136.35,laptop
156.78,147.77,137.38,keyboard
219.37,217.68,219.37,calculator
171.07,159.4,157.37,backpack
68.18,63.0,70.21,keyboard
54.34,65.83,79.49,headphones
102.83,102.16,101.08,backpack
188.52,195.14,226.97,mouse
162.14,165.06,151.57,monitor
219.7,220.15,220.05,keyboard
128.85,128.73,128.58,headphones
210.66,203.48,191.44,monitor
89.13,88.21,91.21,backpack
169.94,170.26,174.87,backpack
174.36,163.84,153.49,monitor
171.58,163.02,154.09,monitor
151.09,152.08,155.05,calculator
171.85,172.25,184.64,backpack
217.86,218.99,219.15,projector
50.89,51.75,49.26,mouse
132.92,136.56,140.48,backpack
91.46,95.23,105.88,monitor
136.65,130.83,111.71,calculator
82.21,90.32,92.23,mug
165.18,163.02,165.42,laptop
119.89,126.3,122.83,mug
63.27,66.15,66.53,projector
65.56,62.35,67.4,bike
153.88,105.0,73.19,laptop
94.84,96.0,96.31,headphones
79.66,81.98,81.96,mug
188.16,187.95,187.95,headphones
179.27,177.18,175.94,monitor
142.71,141.98,141.19,laptop
157.37,159.79,164.2,keyboard
63.15,60.7,63.91,calculator
115.49,111.17,110.26,keyboard
92.21,94.32,95.29,keyboard
93.19,98.28,93.06,bike
90.04,87.11,85.03,bike
157.67,155.53,159.29,monitor
209.01,187.4,186.43,calculator
43.99,46.34,41.61,laptop
150.89,143.27,146.57,headphones
118.64,133.25,147.15,calculator
113.66,112.63,108.13,monitor
83.31,87.17,90.68,monitor
166.28,166.31,166.29,headphones
48.9,64.89,75.56,bike
151.82,153.78,154.8,calculator
104.12,94.99,91.24,projector
50.29,68.84,85.19,monitor
149.65,148.8,149.51,keyboard
106.61,108.26,110.79,backpack
127.41,125.25,122.26,monitor
149.65,146.28,142.35,backpack
183.21,180.34,179.97,monitor
127.81,118.0,116.93,backpack
103.84,78.82,67.32,mouse
221.42,221.3,221.42,projector
109.09,97.6,94.36,backpack
219.85,219.64,219.84,headphones
60.57,65.86,65.84,mug
140.89,142.6,143.69,laptop
83.64,88.31,85.18,bike
107.0,98.04,104.74,backpack
134.4,91.87,45.46,mouse
155.12,150.03,139.41,headphones
173.87,175.99,180.36,mouse
133.42,93.41,101.68,calculator
142.74,144.27,147.12,mug
133.73,130.96,127.76,keyboard
86.44,84.47,111.99,mug
151.68,151.99,151.75,backpack
232.67,233.0,233.83,mouse
166.84,163.58,162.74,projector
82.07,88.67,91.15,projector
102.86,123.06,141.71,backpack
95.62,101.25,108.43,backpack
156.2,157.62,167.24,mouse
141.41,140.12,135.87,headphones
140.84,141.4,143.94,backpack
83.69,114.63,128.82,mouse
20.41,27.12,26.74,headphones
75.9,79.69,88.05,backpack
124.38,123.77,125.15,backpack
93.62,77.12,77.17,projector
207.58,207.61,207.27,monitor
123.39,121.28,121.7,projector
126.24,127.31,127.06,laptop
95.89,92.56,92.27,backpack
97.19,97.39,97.16,calculator
168.68,168.05,167.88,headphones
99.22,95.72,92.8,laptop
57.09,72.21,117.75,mouse
118.08,117.73,117.72,headphones
55.34,56.42,85.67,mug
200.23,200.31,196.95,mouse
104.36,114.91,128.22,mug
72.94,93.66,90.43,bike
141.58,141.89,139.86,projector
145.81,143.82,142.69,projector
134.91,131.6,128.78,laptop
114.07,114.73,129.25,mug
111.33,117.12,118.17,bike
136.82,137.43,137.98,laptop
71.73,97.21,112.07,calculator
67.35,85.3,102.92,headphones
163.15,162.74,163.22,headphones
160.99,154.09,155.68,headphones
96.48,96.85,95.79,projector
140.3,136.63,133.82,projector
96.12,98.1,99.37,laptop
112.76,110.21,107.9,backpack
226.98,226.96,227.1,headphones
90.97,106.05,121.53,mouse
86.38,84.55,84.71,projector
216.39,210.13,206.85,mouse
48.53,53.88,47.76,calculator
74.85,88.92,101.95,bike
171.13,171.78,172.66,headphones
94.86,99.39,99.73,backpack
196.24,196.95,199.22,monitor
126.54,136.82,143.7,headphones
177.88,175.15,174.06,calculator
87.64,95.0,94.6,bike
64.71,73.71,80.65,bike
131.81,142.42,147.75,backpack
188.74,187.75,184.06,monitor
138.45,138.6,138.59,keyboard
151.36,147.22,147.05,laptop
111.2,104.48,105.19,projector
226.78,227.64,227.06,headphones
163.59,165.27,167.84,calculator
144.44,144.63,168.79,backpack
78.3,75.38,74.77,projector
97.2,130.35,116.68,bike
164.59,165.83,174.38,mouse
213.08,211.17,221.03,mug
91.4,95.78,128.92,backpack
139.53,144.01,150.49,mug
128.32,134.7,139.1,mug
123.47,121.53,122.09,monitor
67.91,55.02,105.39,backpack
82.62,79.41,75.62,bike
100.21,97.09,109.0,headphones
223.4,221.5,221.05,keyboard
222.43,221.9,226.6,mouse
115.2,96.57,81.62,laptop
129.11,129.52,136.2,calculator
151.38,134.09,84.7,projector
115.37,110.12,111.68,backpack
67.17,65.41,66.31,backpack
193.37,192.27,188.58,backpack
103.25,103.55,103.47,headphones
145.18,145.01,143.95,bike
184.91,204.38,212.0,keyboard
144.59,139.81,141.82,headphones
64.79,102.62,120.54,mug
137.67,133.28,161.44,mug
53.48,70.13,77.76,bike
229.41,235.11,233.74,mouse
167.74,169.75,169.75,bike
233.73,233.58,233.59,projector
81.68,112.89,143.38,headphones
70.57,70.07,76.97,mug
154.46,154.07,153.93,bike
189.6,172.03,155.32,monitor
54.8,59.76,69.06,laptop
178.93,178.44,177.59,backpack
98.9,86.94,91.98,laptop
166.98,164.41,163.54,calculator
118.05,112.07,105.46,projector
151.29,147.6,146.02,calculator
156.57,145.26,140.88,laptop
160.02,157.48,157.32,projector
200.47,198.59,199.07,monitor
210.44,216.8,225.96,mug
104.4,104.14,101.97,backpack
231.33,230.15,229.86,keyboard
113.6,113.29,112.44,projector
145.38,144.49,145.73,projector
57.26,57.08,63.54,headphones
113.53,111.45,110.66,projector
235.43,235.23,236.08,calculator
142.87,140.27,139.58,headphones
138.25,143.18,120.7,mouse
231.49,230.25,236.69,mouse
165.78,154.23,142.24,backpack
190.72,191.45,189.99,mouse
114.23,114.11,114.16,headphones
87.36,82.31,90.46,backpack
221.01,219.92,217.55,headphones
88.73,88.25,92.7,calculator
194.16,193.94,196.46,headphones
217.98,216.85,217.85,headphones
107.83,107.82,107.83,headphones
89.51,87.9,82.87,monitor
150.74,135.5,137.37,backpack
126.64,119.11,113.2,laptop
134.04,133.83,133.93,bike
124.35,122.92,121.37,projector
65.73,71.17,70.0,projector
164.66,159.9,142.63,monitor
194.28,194.28,194.28,laptop
110.44,143.06,147.78,monitor
134.11,105.72,100.69,backpack
149.68,138.74,136.45,mug
152.29,147.9,147.25,backpack
111.21,114.62,116.9,projector
129.78,130.02,130.83,projector
135.88,138.83,143.68,monitor
214.33,212.42,210.55,headphones
108.45,107.9,106.96,backpack
150.92,146.03,157.95,mug
37.56,38.17,39.7,laptop
137.57,130.43,129.43,calculator
179.7,177.34,178.52,mug
69.19,89.57,110.54,backpack
134.76,138.02,142.7,calculator
100.24,107.91,115.83,mug
54.34,50.95,46.68,bike
145.16,143.34,142.41,laptop
153.45,155.92,145.8,laptop
210.99,204.37,201.41,headphones
164.97,126.78,117.5,mouse
174.54,148.15,119.86,calculator
72.29,80.63,103.07,laptop
60.11,53.4,45.09,mouse
202.05,201.25,205.11,monitor
133.31,133.34,132.89,headphones
99.16,98.86,99.08,bike
154.55,154.35,154.09,bike
67.9,66.53,68.31,laptop
78.09,67.83,68.37,backpack
132.14,118.06,102.86,backpack
40.03,68.67,92.23,laptop
61.2,65.37,137.07,backpack
196.04,194.34,193.88,headphones
140.05,126.5,120.27,monitor
80.76,80.82,83.86,calculator
205.51,205.92,218.88,calculator
138.46,137.25,135.81,headphones
115.12,117.99,115.25,backpack
112.46,112.48,108.81,monitor
223.74,223.77,223.44,calculator
123.56,118.92,123.81,keyboard
125.58,122.41,120.4,calculator
139.73,129.61,110.23,backpack
59.71,53.29,63.28,mouse
183.47,182.24,182.03,monitor
91.78,87.05,129.9,calculator
114.61,112.82,115.39,backpack
114.24,129.54,160.72,backpack
20.24,77.68,97.61,laptop
94.06,89.23,86.77,backpack
54.22,54.93,58.3,mug
207.31,210.52,211.68,calculator
68.85,95.54,123.54,calculator
67.73,65.95,67.33,mouse
159.73,130.53,148.19,calculator
140.02,140.35,140.35,mug
142.45,131.77,132.36,mouse
42.8,54.73,74.2,backpack
44.84,57.93,59.87,bike
210.35,196.77,162.7,monitor
124.52,125.92,124.29,headphones
211.42,207.57,204.98,headphones
161.59,163.01,164.6,mug
202.98,201.09,202.43,calculator
83.9,82.31,82.57,projector
101.92,122.13,136.3,keyboard
82.35,81.65,81.41,projector
37.1,33.84,52.35,backpack
98.7,97.93,97.34,headphones
204.02,199.43,194.9,projector
180.5,176.02,177.93,laptop
95.26,91.56,133.33,backpack
110.56,95.93,123.29,monitor
177.21,177.0,175.65,monitor
98.05,92.11,96.4,backpack
152.47,152.45,154.13,calculator
143.28,121.11,108.93,mouse
164.41,162.88,161.37,headphones
175.46,170.88,167.24,laptop
216.36,217.28,217.4,projector
130.83,130.41,130.42,headphones
97.52,93.81,106.18,laptop
137.8,137.28,138.93,bike
162.2,173.64,176.95,monitor
115.68,127.14,189.5,mug
79.04,76.2,75.24,mouse
137.47,136.32,136.9,monitor
126.48,136.65,133.0,monitor
192.38,188.93,190.38,laptop
148.13,148.09,148.34,bike
98.5,84.89,82.94,bike
193.26,185.79,185.08,laptop
122.33,137.22,154.28,monitor
147.54,151.08,154.14,monitor
163.56,171.91,174.51,keyboard
76.85,80.43,79.14,mouse
92.62,106.81,113.09,backpack
174.64,175.54,175.55,headphones
160.52,159.37,159.45,bike
78.85,78.85,78.85,laptop
87.36,55.71,55.6,projector
179.56,203.08,229.76,mouse
69.02,61.75,111.66,headphones
44.23,41.24,96.84,mug
185.62,180.2,179.83,laptop
157.86,157.2,159.5,projector
222.33,220.15,221.17,projector
58.37,79.9,100.55,headphones
219.91,211.43,213.94,calculator
138.82,88.65,70.35,calculator
193.2,192.79,195.38,bike
186.23,173.79,177.34,keyboard
57.52,72.74,84.41,laptop
150.66,149.9,147.52,calculator
113.94,114.63,113.67,bike
181.5,181.21,180.99,calculator
122.12,124.82,125.62,bike
107.48,106.14,106.58,projector
144.14,146.47,147.76,monitor
87.35,98.08,109.15,bike
171.7,171.51,171.43,headphones
152.62,155.57,154.65,monitor
123.18,171.41,201.69,calculator
176.45,175.99,175.21,headphones
68.2,67.3,70.27,calculator
145.36,153.3,156.25,backpack
131.14,137.72,124.24,mug
134.08,131.45,115.83,laptop
46.85,64.61,76.16,bike
229.26,235.39,230.22,mouse
137.91,138.0,137.38,keyboard
134.27,143.99,135.4,mug
100.45,103.68,104.57,backpack
131.99,133.65,135.18,laptop
146.52,151.8,157.45,bike
92.59,108.79,106.24,laptop
122.2,119.08,119.02,monitor
142.66,139.87,137.74,laptop
207.65,199.87,192.2,calculator
183.99,191.02,200.25,mug
217.2,217.15,217.23,keyboard
156.14,155.69,156.06,backpack
79.91,76.51,97.13,backpack
36.18,37.09,51.26,bike
162.89,174.79,180.22,mug
205.23,209.04,209.8,headphones
91.43,78.43,63.17,laptop
120.78,120.63,98.56,monitor
167.07,163.96,163.65,backpack
139.65,154.77,156.81,laptop
199.31,197.14,196.59,headphones
226.89,226.46,225.76,keyboard
131.4,134.66,134.01,mug
91.59,77.15,45.17,headphones
105.36,88.11,141.58,mouse
108.27,106.65,105.62,projector
226.18,226.63,226.91,projector
193.28,180.48,167.83,headphones
93.79,83.28,73.58,calculator
181.25,192.56,173.49,monitor
150.78,150.97,152.21,bike
96.24,89.71,97.22,monitor
189.0,188.97,192.53,headphones
26.72,24.69,22.93,keyboard
116.88,121.17,118.63,headphones
129.78,129.82,129.56,headphones
184.67,183.98,181.86,mouse
186.92,189.14,187.86,mouse
204.35,204.79,203.89,monitor
133.98,123.81,123.14,monitor
43.79,55.28,53.98,bike
134.63,128.76,126.2,mouse
105.62,98.51,95.28,projector
169.23,171.91,173.84,keyboard
130.67,130.95,131.47,bike
91.39,98.72,99.39,headphones
116.0,109.23,115.31,laptop
94.73,95.77,100.73,laptop
100.33,98.16,97.14,projector
